DATE,TIME,ASN,PREFIX,FREQ
20210101,0200,AS133234,43.224.220.0/24,147
20210101,0800,AS133234,43.224.220.0/24,147
20210101,1400,AS133234,43.224.220.0/24,147
20210101,2000,AS133234,43.224.220.0/24,147
20210102,0200,AS133234,43.224.220.0/24,147
20210102,0800,AS133234,43.224.220.0/24,147
20210102,1400,AS133234,43.224.220.0/24,147
20210102,2000,AS133234,43.224.220.0/24,147
20210103,0200,AS133234,43.224.220.0/24,147
20210103,0800,AS133234,43.224.220.0/24,147
20210103,1400,AS133234,43.224.220.0/24,147
20210103,2000,AS133234,43.224.220.0/24,147
20210104,0200,AS133234,43.224.220.0/24,147
20210104,0800,AS133234,43.224.220.0/24,147
20210104,1400,AS133234,43.224.220.0/24,147
20210104,2000,AS133234,43.224.220.0/24,147
20210105,0200,AS133234,43.224.220.0/24,147
20210105,0800,AS133234,43.224.220.0/24,147
20210105,1400,AS133234,43.224.220.0/24,147
20210105,2000,AS133234,43.224.220.0/24,147
20210106,0200,AS133234,43.224.220.0/24,147
20210106,0800,AS133234,43.224.220.0/24,147
20210106,1400,AS133234,43.224.220.0/24,147
20210106,2000,AS133234,43.224.220.0/24,147
20210107,0200,AS133234,43.224.220.0/24,147
20210107,0800,AS133234,43.224.220.0/24,147
20210107,1400,AS133234,43.224.220.0/24,147
20210107,2000,AS133234,43.224.220.0/24,147
20210108,0200,AS133234,43.224.220.0/24,146
20210108,0800,AS133234,43.224.220.0/24,146
20210108,1400,AS133234,43.224.220.0/24,146
20210108,2000,AS133234,43.224.220.0/24,146
20210109,0200,AS133234,43.224.220.0/24,146
20210109,0800,AS133234,43.224.220.0/24,146
20210109,1400,AS133234,43.224.220.0/24,146
20210109,2000,AS133234,43.224.220.0/24,146
20210110,0200,AS133234,43.224.220.0/24,146
20210110,0800,AS133234,43.224.220.0/24,146
20210110,1400,AS133234,43.224.220.0/24,146
20210110,2000,AS133234,43.224.220.0/24,146
20210111,0200,AS133234,43.224.220.0/24,146
20210111,0800,AS133234,43.224.220.0/24,145
20210111,1400,AS133234,43.224.220.0/24,146
20210111,2000,AS133234,43.224.220.0/24,146
20210112,0200,AS133234,43.224.220.0/24,146
20210112,0800,AS133234,43.224.220.0/24,146
20210112,1400,AS133234,43.224.220.0/24,146
20210112,2000,AS133234,43.224.220.0/24,146
20210113,0200,AS133234,43.224.220.0/24,146
20210113,0800,AS133234,43.224.220.0/24,146
20210113,1400,AS133234,43.224.220.0/24,136
20210113,2000,AS133234,43.224.220.0/24,146
20210114,0200,AS133234,43.224.220.0/24,146
20210114,0800,AS133234,43.224.220.0/24,146
20210114,1400,AS133234,43.224.220.0/24,146
20210114,2000,AS133234,43.224.220.0/24,146
20210115,0200,AS133234,43.224.220.0/24,146
20210115,0800,AS133234,43.224.220.0/24,146
20210115,1400,AS133234,43.224.220.0/24,146
20210115,2000,AS133234,43.224.220.0/24,146
20210116,0200,AS133234,43.224.220.0/24,146
20210116,0800,AS133234,43.224.220.0/24,146
20210116,1400,AS133234,43.224.220.0/24,146
20210116,2000,AS133234,43.224.220.0/24,146
20210117,0200,AS133234,43.224.220.0/24,146
20210117,0800,AS133234,43.224.220.0/24,146
20210117,1400,AS133234,43.224.220.0/24,146
20210117,2000,AS133234,43.224.220.0/24,146
20210118,0200,AS133234,43.224.220.0/24,146
20210118,0800,AS133234,43.224.220.0/24,145
20210118,1400,AS133234,43.224.220.0/24,145
20210118,2000,AS133234,43.224.220.0/24,146
20210119,0200,AS133234,43.224.220.0/24,146
20210119,0800,AS133234,43.224.220.0/24,146
20210119,1400,AS133234,43.224.220.0/24,145
20210119,2000,AS133234,43.224.220.0/24,146
20210120,0200,AS133234,43.224.220.0/24,146
20210120,0800,AS133234,43.224.220.0/24,146
20210120,1400,AS133234,43.224.220.0/24,145
20210120,2000,AS133234,43.224.220.0/24,145
20210121,0200,AS133234,43.224.220.0/24,145
20210121,0800,AS133234,43.224.220.0/24,145
20210121,1400,AS133234,43.224.220.0/24,144
20210121,2000,AS133234,43.224.220.0/24,145
20210122,0200,AS133234,43.224.220.0/24,145
20210122,0800,AS133234,43.224.220.0/24,145
20210122,1400,AS133234,43.224.220.0/24,145
20210122,2000,AS133234,43.224.220.0/24,144
20210123,0200,AS133234,43.224.220.0/24,144
20210123,0800,AS133234,43.224.220.0/24,144
20210123,1400,AS133234,43.224.220.0/24,144
20210123,2000,AS133234,43.224.220.0/24,144
20210124,0200,AS133234,43.224.220.0/24,144
20210124,0800,AS133234,43.224.220.0/24,143
20210124,1400,AS133234,43.224.220.0/24,143
20210124,2000,AS133234,43.224.220.0/24,143
20210125,0200,AS133234,43.224.220.0/24,143
20210125,0800,AS133234,43.224.220.0/24,143
20210125,1400,AS133234,43.224.220.0/24,144
20210125,2000,AS133234,43.224.220.0/24,144
20210126,0200,AS133234,43.224.220.0/24,144
20210126,0800,AS133234,43.224.220.0/24,144
20210126,1400,AS133234,43.224.220.0/24,144
20210126,2000,AS133234,43.224.220.0/24,143
20210127,0200,AS133234,43.224.220.0/24,144
20210127,0800,AS133234,43.224.220.0/24,144
20210127,1400,AS133234,43.224.220.0/24,144
20210127,2000,AS133234,43.224.220.0/24,143
20210128,0200,AS133234,43.224.220.0/24,144
20210128,0800,AS133234,43.224.220.0/24,144
20210128,1400,AS133234,43.224.220.0/24,144
20210128,2000,AS133234,43.224.220.0/24,144
20210129,0200,AS133234,43.224.220.0/24,143
20210129,0800,AS133234,43.224.220.0/24,144
20210129,1400,AS133234,43.224.220.0/24,144
20210129,2000,AS133234,43.224.220.0/24,144
20210130,0200,AS133234,43.224.220.0/24,144
20210130,0800,AS133234,43.224.220.0/24,144
20210130,1400,AS133234,43.224.220.0/24,144
20210130,2000,AS133234,43.224.220.0/24,144
0,0,0,0,0
20210101,0200,AS133234,43.224.221.0/24,137
20210101,0800,AS133234,43.224.221.0/24,137
20210101,1400,AS133234,43.224.221.0/24,137
20210101,2000,AS133234,43.224.221.0/24,137
20210102,0200,AS133234,43.224.221.0/24,137
20210102,0800,AS133234,43.224.221.0/24,137
20210102,1400,AS133234,43.224.221.0/24,137
20210102,2000,AS133234,43.224.221.0/24,137
20210103,0200,AS133234,43.224.221.0/24,137
20210103,0800,AS133234,43.224.221.0/24,137
20210103,1400,AS133234,43.224.221.0/24,137
20210103,2000,AS133234,43.224.221.0/24,137
20210104,0200,AS133234,43.224.221.0/24,137
20210104,0800,AS133234,43.224.221.0/24,137
20210104,1400,AS133234,43.224.221.0/24,137
20210104,2000,AS133234,43.224.221.0/24,137
20210105,0200,AS133234,43.224.221.0/24,137
20210105,0800,AS133234,43.224.221.0/24,137
20210105,1400,AS133234,43.224.221.0/24,137
20210105,2000,AS133234,43.224.221.0/24,137
20210106,0200,AS133234,43.224.221.0/24,137
20210106,0800,AS133234,43.224.221.0/24,137
20210106,1400,AS133234,43.224.221.0/24,137
20210106,2000,AS133234,43.224.221.0/24,137
20210107,0200,AS133234,43.224.221.0/24,137
20210107,0800,AS133234,43.224.221.0/24,137
20210107,1400,AS133234,43.224.221.0/24,137
20210107,2000,AS133234,43.224.221.0/24,137
20210108,0200,AS133234,43.224.221.0/24,136
20210108,0800,AS133234,43.224.221.0/24,136
20210108,1400,AS133234,43.224.221.0/24,136
20210108,2000,AS133234,43.224.221.0/24,136
20210109,0200,AS133234,43.224.221.0/24,136
20210109,0800,AS133234,43.224.221.0/24,136
20210109,1400,AS133234,43.224.221.0/24,136
20210109,2000,AS133234,43.224.221.0/24,136
20210110,0200,AS133234,43.224.221.0/24,136
20210110,0800,AS133234,43.224.221.0/24,136
20210110,1400,AS133234,43.224.221.0/24,136
20210110,2000,AS133234,43.224.221.0/24,136
20210111,0200,AS133234,43.224.221.0/24,136
20210111,0800,AS133234,43.224.221.0/24,136
20210111,1400,AS133234,43.224.221.0/24,136
20210111,2000,AS133234,43.224.221.0/24,136
20210112,0200,AS133234,43.224.221.0/24,136
20210112,0800,AS133234,43.224.221.0/24,136
20210112,1400,AS133234,43.224.221.0/24,136
20210112,2000,AS133234,43.224.221.0/24,136
20210113,0200,AS133234,43.224.221.0/24,136
20210113,0800,AS133234,43.224.221.0/24,136
20210113,1400,AS133234,43.224.221.0/24,136
20210113,2000,AS133234,43.224.221.0/24,136
20210114,0200,AS133234,43.224.221.0/24,136
20210114,0800,AS133234,43.224.221.0/24,136
20210114,1400,AS133234,43.224.221.0/24,136
20210114,2000,AS133234,43.224.221.0/24,136
20210115,0200,AS133234,43.224.221.0/24,136
20210115,0800,AS133234,43.224.221.0/24,136
20210115,1400,AS133234,43.224.221.0/24,136
20210115,2000,AS133234,43.224.221.0/24,136
20210116,0200,AS133234,43.224.221.0/24,136
20210116,0800,AS133234,43.224.221.0/24,136
20210116,1400,AS133234,43.224.221.0/24,136
20210116,2000,AS133234,43.224.221.0/24,136
20210117,0200,AS133234,43.224.221.0/24,136
20210117,0800,AS133234,43.224.221.0/24,136
20210117,1400,AS133234,43.224.221.0/24,136
20210117,2000,AS133234,43.224.221.0/24,136
20210118,0200,AS133234,43.224.221.0/24,136
20210118,0800,AS133234,43.224.221.0/24,135
20210118,1400,AS133234,43.224.221.0/24,135
20210118,2000,AS133234,43.224.221.0/24,136
20210119,0200,AS133234,43.224.221.0/24,136
20210119,0800,AS133234,43.224.221.0/24,136
20210119,1400,AS133234,43.224.221.0/24,135
20210119,2000,AS133234,43.224.221.0/24,136
20210120,0200,AS133234,43.224.221.0/24,136
20210120,0800,AS133234,43.224.221.0/24,136
20210120,1400,AS133234,43.224.221.0/24,136
20210120,2000,AS133234,43.224.221.0/24,136
20210121,0200,AS133234,43.224.221.0/24,136
20210121,0800,AS133234,43.224.221.0/24,136
20210121,1400,AS133234,43.224.221.0/24,135
20210121,2000,AS133234,43.224.221.0/24,136
20210122,0200,AS133234,43.224.221.0/24,136
20210122,0800,AS133234,43.224.221.0/24,136
20210122,1400,AS133234,43.224.221.0/24,136
20210122,2000,AS133234,43.224.221.0/24,135
20210123,0200,AS133234,43.224.221.0/24,135
20210123,0800,AS133234,43.224.221.0/24,135
20210123,1400,AS133234,43.224.221.0/24,135
20210123,2000,AS133234,43.224.221.0/24,135
20210124,0200,AS133234,43.224.221.0/24,135
20210124,0800,AS133234,43.224.221.0/24,134
20210124,1400,AS133234,43.224.221.0/24,134
20210124,2000,AS133234,43.224.221.0/24,134
20210125,0200,AS133234,43.224.221.0/24,134
20210125,0800,AS133234,43.224.221.0/24,134
20210125,1400,AS133234,43.224.221.0/24,135
20210125,2000,AS133234,43.224.221.0/24,135
20210126,0200,AS133234,43.224.221.0/24,135
20210126,0800,AS133234,43.224.221.0/24,135
20210126,1400,AS133234,43.224.221.0/24,135
20210126,2000,AS133234,43.224.221.0/24,135
20210127,0200,AS133234,43.224.221.0/24,136
20210127,0800,AS133234,43.224.221.0/24,136
20210127,1400,AS133234,43.224.221.0/24,136
20210127,2000,AS133234,43.224.221.0/24,135
20210128,0200,AS133234,43.224.221.0/24,136
20210128,0800,AS133234,43.224.221.0/24,136
20210128,1400,AS133234,43.224.221.0/24,136
20210128,2000,AS133234,43.224.221.0/24,136
20210129,0200,AS133234,43.224.221.0/24,135
20210129,0800,AS133234,43.224.221.0/24,136
20210129,1400,AS133234,43.224.221.0/24,136
20210129,2000,AS133234,43.224.221.0/24,136
20210130,0200,AS133234,43.224.221.0/24,136
20210130,0800,AS133234,43.224.221.0/24,136
20210130,1400,AS133234,43.224.221.0/24,136
20210130,2000,AS133234,43.224.221.0/24,136
0,0,0,0,0
20210101,0200,AS133234,43.224.222.0/24,136
20210101,0800,AS133234,43.224.222.0/24,136
20210101,1400,AS133234,43.224.222.0/24,136
20210101,2000,AS133234,43.224.222.0/24,136
20210102,0200,AS133234,43.224.222.0/24,136
20210102,0800,AS133234,43.224.222.0/24,136
20210102,1400,AS133234,43.224.222.0/24,136
20210102,2000,AS133234,43.224.222.0/24,136
20210103,0200,AS133234,43.224.222.0/24,136
20210103,0800,AS133234,43.224.222.0/24,136
20210103,1400,AS133234,43.224.222.0/24,136
20210103,2000,AS133234,43.224.222.0/24,136
20210104,0200,AS133234,43.224.222.0/24,136
20210104,0800,AS133234,43.224.222.0/24,136
20210104,1400,AS133234,43.224.222.0/24,136
20210104,2000,AS133234,43.224.222.0/24,136
20210105,0200,AS133234,43.224.222.0/24,136
20210105,0800,AS133234,43.224.222.0/24,136
20210105,1400,AS133234,43.224.222.0/24,136
20210105,2000,AS133234,43.224.222.0/24,136
20210106,0200,AS133234,43.224.222.0/24,136
20210106,0800,AS133234,43.224.222.0/24,136
20210106,1400,AS133234,43.224.222.0/24,136
20210106,2000,AS133234,43.224.222.0/24,136
20210107,0200,AS133234,43.224.222.0/24,136
20210107,0800,AS133234,43.224.222.0/24,136
20210107,1400,AS133234,43.224.222.0/24,136
20210107,2000,AS133234,43.224.222.0/24,136
20210108,0200,AS133234,43.224.222.0/24,135
20210108,0800,AS133234,43.224.222.0/24,135
20210108,1400,AS133234,43.224.222.0/24,135
20210108,2000,AS133234,43.224.222.0/24,135
20210109,0200,AS133234,43.224.222.0/24,135
20210109,0800,AS133234,43.224.222.0/24,135
20210109,1400,AS133234,43.224.222.0/24,135
20210109,2000,AS133234,43.224.222.0/24,135
20210110,0200,AS133234,43.224.222.0/24,135
20210110,0800,AS133234,43.224.222.0/24,135
20210110,1400,AS133234,43.224.222.0/24,135
20210110,2000,AS133234,43.224.222.0/24,135
20210111,0200,AS133234,43.224.222.0/24,135
20210111,0800,AS133234,43.224.222.0/24,135
20210111,1400,AS133234,43.224.222.0/24,135
20210111,2000,AS133234,43.224.222.0/24,135
20210112,0200,AS133234,43.224.222.0/24,135
20210112,0800,AS133234,43.224.222.0/24,135
20210112,1400,AS133234,43.224.222.0/24,135
20210112,2000,AS133234,43.224.222.0/24,135
20210113,0200,AS133234,43.224.222.0/24,135
20210113,0800,AS133234,43.224.222.0/24,135
20210113,1400,AS133234,43.224.222.0/24,135
20210113,2000,AS133234,43.224.222.0/24,135
20210114,0200,AS133234,43.224.222.0/24,135
20210114,0800,AS133234,43.224.222.0/24,135
20210114,1400,AS133234,43.224.222.0/24,135
20210114,2000,AS133234,43.224.222.0/24,135
20210115,0200,AS133234,43.224.222.0/24,135
20210115,0800,AS133234,43.224.222.0/24,135
20210115,1400,AS133234,43.224.222.0/24,135
20210115,2000,AS133234,43.224.222.0/24,135
20210116,0200,AS133234,43.224.222.0/24,135
20210116,0800,AS133234,43.224.222.0/24,135
20210116,1400,AS133234,43.224.222.0/24,135
20210116,2000,AS133234,43.224.222.0/24,135
20210117,0200,AS133234,43.224.222.0/24,135
20210117,0800,AS133234,43.224.222.0/24,135
20210117,1400,AS133234,43.224.222.0/24,135
20210117,2000,AS133234,43.224.222.0/24,135
20210118,0200,AS133234,43.224.222.0/24,135
20210118,0800,AS133234,43.224.222.0/24,134
20210118,1400,AS133234,43.224.222.0/24,134
20210118,2000,AS133234,43.224.222.0/24,135
20210119,0200,AS133234,43.224.222.0/24,135
20210119,0800,AS133234,43.224.222.0/24,135
20210119,1400,AS133234,43.224.222.0/24,134
20210119,2000,AS133234,43.224.222.0/24,135
20210120,0200,AS133234,43.224.222.0/24,136
20210120,0800,AS133234,43.224.222.0/24,136
20210120,1400,AS133234,43.224.222.0/24,136
20210120,2000,AS133234,43.224.222.0/24,136
20210121,0200,AS133234,43.224.222.0/24,136
20210121,0800,AS133234,43.224.222.0/24,136
20210121,1400,AS133234,43.224.222.0/24,135
20210121,2000,AS133234,43.224.222.0/24,136
20210122,0200,AS133234,43.224.222.0/24,136
20210122,0800,AS133234,43.224.222.0/24,136
20210122,1400,AS133234,43.224.222.0/24,136
20210122,2000,AS133234,43.224.222.0/24,135
20210123,0200,AS133234,43.224.222.0/24,135
20210123,0800,AS133234,43.224.222.0/24,135
20210123,1400,AS133234,43.224.222.0/24,135
20210123,2000,AS133234,43.224.222.0/24,135
20210124,0200,AS133234,43.224.222.0/24,135
20210124,0800,AS133234,43.224.222.0/24,134
20210124,1400,AS133234,43.224.222.0/24,134
20210124,2000,AS133234,43.224.222.0/24,134
20210125,0200,AS133234,43.224.222.0/24,134
20210125,0800,AS133234,43.224.222.0/24,134
20210125,1400,AS133234,43.224.222.0/24,135
20210125,2000,AS133234,43.224.222.0/24,135
20210126,0200,AS133234,43.224.222.0/24,135
20210126,0800,AS133234,43.224.222.0/24,135
20210126,1400,AS133234,43.224.222.0/24,135
20210126,2000,AS133234,43.224.222.0/24,135
20210127,0200,AS133234,43.224.222.0/24,136
20210127,0800,AS133234,43.224.222.0/24,136
20210127,1400,AS133234,43.224.222.0/24,136
20210127,2000,AS133234,43.224.222.0/24,135
20210128,0200,AS133234,43.224.222.0/24,136
20210128,0800,AS133234,43.224.222.0/24,136
20210128,1400,AS133234,43.224.222.0/24,136
20210128,2000,AS133234,43.224.222.0/24,136
20210129,0200,AS133234,43.224.222.0/24,135
20210129,0800,AS133234,43.224.222.0/24,136
20210129,1400,AS133234,43.224.222.0/24,136
20210129,2000,AS133234,43.224.222.0/24,136
20210130,0200,AS133234,43.224.222.0/24,136
20210130,0800,AS133234,43.224.222.0/24,136
20210130,1400,AS133234,43.224.222.0/24,136
20210130,2000,AS133234,43.224.222.0/24,136
0,0,0,0,0
20210101,0200,AS133234,43.224.223.0/24,136
20210101,0800,AS133234,43.224.223.0/24,136
20210101,1400,AS133234,43.224.223.0/24,136
20210101,2000,AS133234,43.224.223.0/24,136
20210102,0200,AS133234,43.224.223.0/24,136
20210102,0800,AS133234,43.224.223.0/24,136
20210102,1400,AS133234,43.224.223.0/24,136
20210102,2000,AS133234,43.224.223.0/24,136
20210103,0200,AS133234,43.224.223.0/24,136
20210103,0800,AS133234,43.224.223.0/24,136
20210103,1400,AS133234,43.224.223.0/24,137
20210103,2000,AS133234,43.224.223.0/24,137
20210104,0200,AS133234,43.224.223.0/24,137
20210104,0800,AS133234,43.224.223.0/24,137
20210104,1400,AS133234,43.224.223.0/24,137
20210104,2000,AS133234,43.224.223.0/24,137
20210105,0200,AS133234,43.224.223.0/24,137
20210105,0800,AS133234,43.224.223.0/24,137
20210105,1400,AS133234,43.224.223.0/24,137
20210105,2000,AS133234,43.224.223.0/24,137
20210106,0200,AS133234,43.224.223.0/24,137
20210106,0800,AS133234,43.224.223.0/24,137
20210106,1400,AS133234,43.224.223.0/24,137
20210106,2000,AS133234,43.224.223.0/24,137
20210107,0200,AS133234,43.224.223.0/24,137
20210107,0800,AS133234,43.224.223.0/24,137
20210107,1400,AS133234,43.224.223.0/24,137
20210107,2000,AS133234,43.224.223.0/24,137
20210108,0200,AS133234,43.224.223.0/24,136
20210108,0800,AS133234,43.224.223.0/24,136
20210108,1400,AS133234,43.224.223.0/24,136
20210108,2000,AS133234,43.224.223.0/24,136
20210109,0200,AS133234,43.224.223.0/24,136
20210109,0800,AS133234,43.224.223.0/24,136
20210109,1400,AS133234,43.224.223.0/24,136
20210109,2000,AS133234,43.224.223.0/24,136
20210110,0200,AS133234,43.224.223.0/24,136
20210110,0800,AS133234,43.224.223.0/24,136
20210110,1400,AS133234,43.224.223.0/24,136
20210110,2000,AS133234,43.224.223.0/24,136
20210111,0200,AS133234,43.224.223.0/24,136
20210111,0800,AS133234,43.224.223.0/24,136
20210111,1400,AS133234,43.224.223.0/24,136
20210111,2000,AS133234,43.224.223.0/24,136
20210112,0200,AS133234,43.224.223.0/24,136
20210112,0800,AS133234,43.224.223.0/24,136
20210112,1400,AS133234,43.224.223.0/24,136
20210112,2000,AS133234,43.224.223.0/24,136
20210113,0200,AS133234,43.224.223.0/24,136
20210113,0800,AS133234,43.224.223.0/24,136
20210113,1400,AS133234,43.224.223.0/24,136
20210113,2000,AS133234,43.224.223.0/24,136
20210114,0200,AS133234,43.224.223.0/24,136
20210114,0800,AS133234,43.224.223.0/24,136
20210114,1400,AS133234,43.224.223.0/24,136
20210114,2000,AS133234,43.224.223.0/24,136
20210115,0200,AS133234,43.224.223.0/24,136
20210115,0800,AS133234,43.224.223.0/24,136
20210115,1400,AS133234,43.224.223.0/24,136
20210115,2000,AS133234,43.224.223.0/24,136
20210116,0200,AS133234,43.224.223.0/24,136
20210116,0800,AS133234,43.224.223.0/24,136
20210116,1400,AS133234,43.224.223.0/24,136
20210116,2000,AS133234,43.224.223.0/24,136
20210117,0200,AS133234,43.224.223.0/24,136
20210117,0800,AS133234,43.224.223.0/24,136
20210117,1400,AS133234,43.224.223.0/24,136
20210117,2000,AS133234,43.224.223.0/24,136
20210118,0200,AS133234,43.224.223.0/24,136
20210118,0800,AS133234,43.224.223.0/24,135
20210118,1400,AS133234,43.224.223.0/24,135
20210118,2000,AS133234,43.224.223.0/24,136
20210119,0200,AS133234,43.224.223.0/24,136
20210119,0800,AS133234,43.224.223.0/24,136
20210119,1400,AS133234,43.224.223.0/24,135
20210119,2000,AS133234,43.224.223.0/24,136
20210120,0200,AS133234,43.224.223.0/24,135
20210120,0800,AS133234,43.224.223.0/24,136
20210120,1400,AS133234,43.224.223.0/24,136
20210120,2000,AS133234,43.224.223.0/24,136
20210121,0200,AS133234,43.224.223.0/24,136
20210121,0800,AS133234,43.224.223.0/24,136
20210121,1400,AS133234,43.224.223.0/24,135
20210121,2000,AS133234,43.224.223.0/24,136
20210122,0200,AS133234,43.224.223.0/24,136
20210122,0800,AS133234,43.224.223.0/24,136
20210122,1400,AS133234,43.224.223.0/24,136
20210122,2000,AS133234,43.224.223.0/24,135
20210123,0200,AS133234,43.224.223.0/24,135
20210123,0800,AS133234,43.224.223.0/24,135
20210123,1400,AS133234,43.224.223.0/24,144
20210123,2000,AS133234,43.224.223.0/24,144
20210124,0200,AS133234,43.224.223.0/24,144
20210124,0800,AS133234,43.224.223.0/24,143
20210124,1400,AS133234,43.224.223.0/24,144
20210124,2000,AS133234,43.224.223.0/24,144
20210125,0200,AS133234,43.224.223.0/24,144
20210125,0800,AS133234,43.224.223.0/24,144
20210125,1400,AS133234,43.224.223.0/24,145
20210125,2000,AS133234,43.224.223.0/24,145
20210126,0200,AS133234,43.224.223.0/24,145
20210126,0800,AS133234,43.224.223.0/24,145
20210126,1400,AS133234,43.224.223.0/24,145
20210126,2000,AS133234,43.224.223.0/24,144
20210127,0200,AS133234,43.224.223.0/24,145
20210127,0800,AS133234,43.224.223.0/24,145
20210127,1400,AS133234,43.224.223.0/24,145
20210127,2000,AS133234,43.224.223.0/24,144
20210128,0200,AS133234,43.224.223.0/24,145
20210128,0800,AS133234,43.224.223.0/24,145
20210128,1400,AS133234,43.224.223.0/24,145
20210128,2000,AS133234,43.224.223.0/24,145
20210129,0200,AS133234,43.224.223.0/24,144
20210129,0800,AS133234,43.224.223.0/24,145
20210129,1400,AS133234,43.224.223.0/24,145
20210129,2000,AS133234,43.224.223.0/24,145
20210130,0200,AS133234,43.224.223.0/24,145
20210130,0800,AS133234,43.224.223.0/24,145
20210130,1400,AS133234,43.224.223.0/24,145
20210130,2000,AS133234,43.224.223.0/24,145
0,0,0,0,0
20210101,0200,AS133234,103.70.32.0/24,146
20210101,0800,AS133234,103.70.32.0/24,146
20210101,1400,AS133234,103.70.32.0/24,146
20210101,2000,AS133234,103.70.32.0/24,146
20210102,0200,AS133234,103.70.32.0/24,146
20210102,0800,AS133234,103.70.32.0/24,146
20210102,1400,AS133234,103.70.32.0/24,146
20210102,2000,AS133234,103.70.32.0/24,146
20210103,0200,AS133234,103.70.32.0/24,146
20210103,0800,AS133234,103.70.32.0/24,146
20210103,1400,AS133234,103.70.32.0/24,146
20210103,2000,AS133234,103.70.32.0/24,146
20210104,0200,AS133234,103.70.32.0/24,146
20210104,0800,AS133234,103.70.32.0/24,146
20210104,1400,AS133234,103.70.32.0/24,146
20210104,2000,AS133234,103.70.32.0/24,146
20210105,0200,AS133234,103.70.32.0/24,146
20210105,0800,AS133234,103.70.32.0/24,146
20210105,1400,AS133234,103.70.32.0/24,146
20210105,2000,AS133234,103.70.32.0/24,146
20210106,0200,AS133234,103.70.32.0/24,146
20210106,0800,AS133234,103.70.32.0/24,146
20210106,1400,AS133234,103.70.32.0/24,146
20210106,2000,AS133234,103.70.32.0/24,146
20210107,0200,AS133234,103.70.32.0/24,146
20210107,0800,AS133234,103.70.32.0/24,146
20210107,1400,AS133234,103.70.32.0/24,146
20210107,2000,AS133234,103.70.32.0/24,146
20210108,0200,AS133234,103.70.32.0/24,146
20210108,0800,AS133234,103.70.32.0/24,146
20210108,1400,AS133234,103.70.32.0/24,146
20210108,2000,AS133234,103.70.32.0/24,146
20210109,0200,AS133234,103.70.32.0/24,146
20210109,0800,AS133234,103.70.32.0/24,146
20210109,1400,AS133234,103.70.32.0/24,146
20210109,2000,AS133234,103.70.32.0/24,146
20210110,0200,AS133234,103.70.32.0/24,146
20210110,0800,AS133234,103.70.32.0/24,146
20210110,1400,AS133234,103.70.32.0/24,146
20210110,2000,AS133234,103.70.32.0/24,146
20210111,0200,AS133234,103.70.32.0/24,146
20210111,0800,AS133234,103.70.32.0/24,145
20210111,1400,AS133234,103.70.32.0/24,146
20210111,2000,AS133234,103.70.32.0/24,146
20210112,0200,AS133234,103.70.32.0/24,146
20210112,0800,AS133234,103.70.32.0/24,146
20210112,1400,AS133234,103.70.32.0/24,146
20210112,2000,AS133234,103.70.32.0/24,146
20210113,0200,AS133234,103.70.32.0/24,146
20210113,0800,AS133234,103.70.32.0/24,146
20210113,1400,AS133234,103.70.32.0/24,133
20210113,2000,AS133234,103.70.32.0/24,146
20210114,0200,AS133234,103.70.32.0/24,146
20210114,0800,AS133234,103.70.32.0/24,146
20210114,1400,AS133234,103.70.32.0/24,146
20210114,2000,AS133234,103.70.32.0/24,146
20210115,0200,AS133234,103.70.32.0/24,146
20210115,0800,AS133234,103.70.32.0/24,146
20210115,1400,AS133234,103.70.32.0/24,146
20210115,2000,AS133234,103.70.32.0/24,146
20210116,0200,AS133234,103.70.32.0/24,146
20210116,0800,AS133234,103.70.32.0/24,146
20210116,1400,AS133234,103.70.32.0/24,146
20210116,2000,AS133234,103.70.32.0/24,146
20210117,0200,AS133234,103.70.32.0/24,146
20210117,0800,AS133234,103.70.32.0/24,146
20210117,1400,AS133234,103.70.32.0/24,146
20210117,2000,AS133234,103.70.32.0/24,146
20210118,0200,AS133234,103.70.32.0/24,146
20210118,0800,AS133234,103.70.32.0/24,145
20210118,1400,AS133234,103.70.32.0/24,145
20210118,2000,AS133234,103.70.32.0/24,146
20210119,0200,AS133234,103.70.32.0/24,146
20210119,0800,AS133234,103.70.32.0/24,146
20210119,1400,AS133234,103.70.32.0/24,145
20210119,2000,AS133234,103.70.32.0/24,146
20210120,0200,AS133234,103.70.32.0/24,146
20210120,0800,AS133234,103.70.32.0/24,146
20210120,1400,AS133234,103.70.32.0/24,146
20210120,2000,AS133234,103.70.32.0/24,146
20210121,0200,AS133234,103.70.32.0/24,146
20210121,0800,AS133234,103.70.32.0/24,146
20210121,1400,AS133234,103.70.32.0/24,145
20210121,2000,AS133234,103.70.32.0/24,146
20210122,0200,AS133234,103.70.32.0/24,146
20210122,0800,AS133234,103.70.32.0/24,146
20210122,1400,AS133234,103.70.32.0/24,146
20210122,2000,AS133234,103.70.32.0/24,145
20210123,0200,AS133234,103.70.32.0/24,145
20210123,0800,AS133234,103.70.32.0/24,145
20210123,1400,AS133234,103.70.32.0/24,145
20210123,2000,AS133234,103.70.32.0/24,145
20210124,0200,AS133234,103.70.32.0/24,145
20210124,0800,AS133234,103.70.32.0/24,144
20210124,1400,AS133234,103.70.32.0/24,144
20210124,2000,AS133234,103.70.32.0/24,144
20210125,0200,AS133234,103.70.32.0/24,144
20210125,0800,AS133234,103.70.32.0/24,144
20210125,1400,AS133234,103.70.32.0/24,145
20210125,2000,AS133234,103.70.32.0/24,145
20210126,0200,AS133234,103.70.32.0/24,145
20210126,0800,AS133234,103.70.32.0/24,145
20210126,1400,AS133234,103.70.32.0/24,145
20210126,2000,AS133234,103.70.32.0/24,144
20210127,0200,AS133234,103.70.32.0/24,145
20210127,0800,AS133234,103.70.32.0/24,145
20210127,1400,AS133234,103.70.32.0/24,145
20210127,2000,AS133234,103.70.32.0/24,144
20210128,0200,AS133234,103.70.32.0/24,145
20210128,0800,AS133234,103.70.32.0/24,145
20210128,1400,AS133234,103.70.32.0/24,145
20210128,2000,AS133234,103.70.32.0/24,145
20210129,0200,AS133234,103.70.32.0/24,144
20210129,0800,AS133234,103.70.32.0/24,145
20210129,1400,AS133234,103.70.32.0/24,145
20210129,2000,AS133234,103.70.32.0/24,145
20210130,0200,AS133234,103.70.32.0/24,145
20210130,0800,AS133234,103.70.32.0/24,145
20210130,1400,AS133234,103.70.32.0/24,145
20210130,2000,AS133234,103.70.32.0/24,145
0,0,0,0,0
20210101,0200,AS133234,103.70.33.0/24,133
20210101,0800,AS133234,103.70.33.0/24,133
20210101,1400,AS133234,103.70.33.0/24,133
20210101,2000,AS133234,103.70.33.0/24,133
20210102,0200,AS133234,103.70.33.0/24,133
20210102,0800,AS133234,103.70.33.0/24,133
20210102,1400,AS133234,103.70.33.0/24,133
20210102,2000,AS133234,103.70.33.0/24,133
20210103,0200,AS133234,103.70.33.0/24,133
20210103,0800,AS133234,103.70.33.0/24,133
20210103,1400,AS133234,103.70.33.0/24,133
20210103,2000,AS133234,103.70.33.0/24,133
20210104,0200,AS133234,103.70.33.0/24,133
20210104,0800,AS133234,103.70.33.0/24,133
20210104,1400,AS133234,103.70.33.0/24,133
20210104,2000,AS133234,103.70.33.0/24,133
20210105,0200,AS133234,103.70.33.0/24,133
20210105,0800,AS133234,103.70.33.0/24,133
20210105,1400,AS133234,103.70.33.0/24,133
20210105,2000,AS133234,103.70.33.0/24,133
20210106,0200,AS133234,103.70.33.0/24,133
20210106,0800,AS133234,103.70.33.0/24,133
20210106,1400,AS133234,103.70.33.0/24,133
20210106,2000,AS133234,103.70.33.0/24,133
20210107,0200,AS133234,103.70.33.0/24,133
20210107,0800,AS133234,103.70.33.0/24,133
20210107,1400,AS133234,103.70.33.0/24,133
20210107,2000,AS133234,103.70.33.0/24,133
20210108,0200,AS133234,103.70.33.0/24,132
20210108,0800,AS133234,103.70.33.0/24,132
20210108,1400,AS133234,103.70.33.0/24,132
20210108,2000,AS133234,103.70.33.0/24,132
20210109,0200,AS133234,103.70.33.0/24,132
20210109,0800,AS133234,103.70.33.0/24,132
20210109,1400,AS133234,103.70.33.0/24,132
20210109,2000,AS133234,103.70.33.0/24,132
20210110,0200,AS133234,103.70.33.0/24,132
20210110,0800,AS133234,103.70.33.0/24,132
20210110,1400,AS133234,103.70.33.0/24,132
20210110,2000,AS133234,103.70.33.0/24,132
20210111,0200,AS133234,103.70.33.0/24,132
20210111,0800,AS133234,103.70.33.0/24,132
20210111,1400,AS133234,103.70.33.0/24,132
20210111,2000,AS133234,103.70.33.0/24,133
20210112,0200,AS133234,103.70.33.0/24,133
20210112,0800,AS133234,103.70.33.0/24,133
20210112,1400,AS133234,103.70.33.0/24,133
20210112,2000,AS133234,103.70.33.0/24,133
20210113,0200,AS133234,103.70.33.0/24,133
20210113,0800,AS133234,103.70.33.0/24,133
20210113,1400,AS133234,103.70.33.0/24,133
20210113,2000,AS133234,103.70.33.0/24,133
20210114,0200,AS133234,103.70.33.0/24,133
20210114,0800,AS133234,103.70.33.0/24,133
20210114,1400,AS133234,103.70.33.0/24,133
20210114,2000,AS133234,103.70.33.0/24,133
20210115,0200,AS133234,103.70.33.0/24,133
20210115,0800,AS133234,103.70.33.0/24,133
20210115,1400,AS133234,103.70.33.0/24,133
20210115,2000,AS133234,103.70.33.0/24,133
20210116,0200,AS133234,103.70.33.0/24,133
20210116,0800,AS133234,103.70.33.0/24,133
20210116,1400,AS133234,103.70.33.0/24,133
20210116,2000,AS133234,103.70.33.0/24,133
20210117,0200,AS133234,103.70.33.0/24,133
20210117,0800,AS133234,103.70.33.0/24,133
20210117,1400,AS133234,103.70.33.0/24,133
20210117,2000,AS133234,103.70.33.0/24,133
20210118,0200,AS133234,103.70.33.0/24,133
20210118,0800,AS133234,103.70.33.0/24,132
20210118,1400,AS133234,103.70.33.0/24,132
20210118,2000,AS133234,103.70.33.0/24,133
20210119,0200,AS133234,103.70.33.0/24,133
20210119,0800,AS133234,103.70.33.0/24,133
20210119,1400,AS133234,103.70.33.0/24,132
20210119,2000,AS133234,103.70.33.0/24,133
20210120,0200,AS133234,103.70.33.0/24,133
20210120,0800,AS133234,103.70.33.0/24,133
20210120,1400,AS133234,103.70.33.0/24,133
20210120,2000,AS133234,103.70.33.0/24,133
20210121,0200,AS133234,103.70.33.0/24,133
20210121,0800,AS133234,103.70.33.0/24,133
20210121,1400,AS133234,103.70.33.0/24,132
20210121,2000,AS133234,103.70.33.0/24,133
20210122,0200,AS133234,103.70.33.0/24,133
20210122,0800,AS133234,103.70.33.0/24,133
20210122,1400,AS133234,103.70.33.0/24,133
20210122,2000,AS133234,103.70.33.0/24,132
20210123,0200,AS133234,103.70.33.0/24,132
20210123,0800,AS133234,103.70.33.0/24,132
20210123,1400,AS133234,103.70.33.0/24,132
20210123,2000,AS133234,103.70.33.0/24,132
20210124,0200,AS133234,103.70.33.0/24,132
20210124,0800,AS133234,103.70.33.0/24,131
20210124,1400,AS133234,103.70.33.0/24,131
20210124,2000,AS133234,103.70.33.0/24,131
20210125,0200,AS133234,103.70.33.0/24,131
20210125,0800,AS133234,103.70.33.0/24,131
20210125,1400,AS133234,103.70.33.0/24,132
20210125,2000,AS133234,103.70.33.0/24,132
20210126,0200,AS133234,103.70.33.0/24,132
20210126,0800,AS133234,103.70.33.0/24,132
20210126,1400,AS133234,103.70.33.0/24,132
20210126,2000,AS133234,103.70.33.0/24,132
20210127,0200,AS133234,103.70.33.0/24,133
20210127,0800,AS133234,103.70.33.0/24,133
20210127,1400,AS133234,103.70.33.0/24,133
20210127,2000,AS133234,103.70.33.0/24,132
20210128,0200,AS133234,103.70.33.0/24,133
20210128,0800,AS133234,103.70.33.0/24,133
20210128,1400,AS133234,103.70.33.0/24,133
20210128,2000,AS133234,103.70.33.0/24,133
20210129,0200,AS133234,103.70.33.0/24,132
20210129,0800,AS133234,103.70.33.0/24,133
20210129,1400,AS133234,103.70.33.0/24,133
20210129,2000,AS133234,103.70.33.0/24,133
20210130,0200,AS133234,103.70.33.0/24,133
20210130,0800,AS133234,103.70.33.0/24,133
20210130,1400,AS133234,103.70.33.0/24,131
20210130,2000,AS133234,103.70.33.0/24,133
0,0,0,0,0
20210101,0200,AS133234,103.70.34.0/24,133
20210101,0800,AS133234,103.70.34.0/24,133
20210101,1400,AS133234,103.70.34.0/24,133
20210101,2000,AS133234,103.70.34.0/24,133
20210102,0200,AS133234,103.70.34.0/24,133
20210102,0800,AS133234,103.70.34.0/24,133
20210102,1400,AS133234,103.70.34.0/24,133
20210102,2000,AS133234,103.70.34.0/24,133
20210103,0200,AS133234,103.70.34.0/24,133
20210103,0800,AS133234,103.70.34.0/24,133
20210103,1400,AS133234,103.70.34.0/24,133
20210103,2000,AS133234,103.70.34.0/24,133
20210104,0200,AS133234,103.70.34.0/24,133
20210104,0800,AS133234,103.70.34.0/24,133
20210104,1400,AS133234,103.70.34.0/24,133
20210104,2000,AS133234,103.70.34.0/24,133
20210105,0200,AS133234,103.70.34.0/24,133
20210105,0800,AS133234,103.70.34.0/24,133
20210105,1400,AS133234,103.70.34.0/24,133
20210105,2000,AS133234,103.70.34.0/24,133
20210106,0200,AS133234,103.70.34.0/24,133
20210106,0800,AS133234,103.70.34.0/24,133
20210106,1400,AS133234,103.70.34.0/24,133
20210106,2000,AS133234,103.70.34.0/24,133
20210107,0200,AS133234,103.70.34.0/24,133
20210107,0800,AS133234,103.70.34.0/24,133
20210107,1400,AS133234,103.70.34.0/24,133
20210107,2000,AS133234,103.70.34.0/24,133
20210108,0200,AS133234,103.70.34.0/24,132
20210108,0800,AS133234,103.70.34.0/24,132
20210108,1400,AS133234,103.70.34.0/24,132
20210108,2000,AS133234,103.70.34.0/24,132
20210109,0200,AS133234,103.70.34.0/24,132
20210109,0800,AS133234,103.70.34.0/24,132
20210109,1400,AS133234,103.70.34.0/24,132
20210109,2000,AS133234,103.70.34.0/24,132
20210110,0200,AS133234,103.70.34.0/24,132
20210110,0800,AS133234,103.70.34.0/24,132
20210110,1400,AS133234,103.70.34.0/24,132
20210110,2000,AS133234,103.70.34.0/24,132
20210111,0200,AS133234,103.70.34.0/24,132
20210111,0800,AS133234,103.70.34.0/24,132
20210111,1400,AS133234,103.70.34.0/24,132
20210111,2000,AS133234,103.70.34.0/24,133
20210112,0200,AS133234,103.70.34.0/24,133
20210112,0800,AS133234,103.70.34.0/24,133
20210112,1400,AS133234,103.70.34.0/24,133
20210112,2000,AS133234,103.70.34.0/24,133
20210113,0200,AS133234,103.70.34.0/24,133
20210113,0800,AS133234,103.70.34.0/24,133
20210113,1400,AS133234,103.70.34.0/24,133
20210113,2000,AS133234,103.70.34.0/24,133
20210114,0200,AS133234,103.70.34.0/24,133
20210114,0800,AS133234,103.70.34.0/24,133
20210114,1400,AS133234,103.70.34.0/24,133
20210114,2000,AS133234,103.70.34.0/24,133
20210115,0200,AS133234,103.70.34.0/24,133
20210115,0800,AS133234,103.70.34.0/24,133
20210115,1400,AS133234,103.70.34.0/24,133
20210115,2000,AS133234,103.70.34.0/24,133
20210116,0200,AS133234,103.70.34.0/24,133
20210116,0800,AS133234,103.70.34.0/24,133
20210116,1400,AS133234,103.70.34.0/24,133
20210116,2000,AS133234,103.70.34.0/24,133
20210117,0200,AS133234,103.70.34.0/24,133
20210117,0800,AS133234,103.70.34.0/24,133
20210117,1400,AS133234,103.70.34.0/24,133
20210117,2000,AS133234,103.70.34.0/24,133
20210118,0200,AS133234,103.70.34.0/24,133
20210118,0800,AS133234,103.70.34.0/24,132
20210118,1400,AS133234,103.70.34.0/24,132
20210118,2000,AS133234,103.70.34.0/24,133
20210119,0200,AS133234,103.70.34.0/24,133
20210119,0800,AS133234,103.70.34.0/24,133
20210119,1400,AS133234,103.70.34.0/24,132
20210119,2000,AS133234,103.70.34.0/24,133
20210120,0200,AS133234,103.70.34.0/24,133
20210120,0800,AS133234,103.70.34.0/24,133
20210120,1400,AS133234,103.70.34.0/24,133
20210120,2000,AS133234,103.70.34.0/24,133
20210121,0200,AS133234,103.70.34.0/24,133
20210121,0800,AS133234,103.70.34.0/24,133
20210121,1400,AS133234,103.70.34.0/24,132
20210121,2000,AS133234,103.70.34.0/24,133
20210122,0200,AS133234,103.70.34.0/24,133
20210122,0800,AS133234,103.70.34.0/24,133
20210122,1400,AS133234,103.70.34.0/24,133
20210122,2000,AS133234,103.70.34.0/24,132
20210123,0200,AS133234,103.70.34.0/24,132
20210123,0800,AS133234,103.70.34.0/24,132
20210123,1400,AS133234,103.70.34.0/24,132
20210123,2000,AS133234,103.70.34.0/24,132
20210124,0200,AS133234,103.70.34.0/24,132
20210124,0800,AS133234,103.70.34.0/24,131
20210124,1400,AS133234,103.70.34.0/24,131
20210124,2000,AS133234,103.70.34.0/24,131
20210125,0200,AS133234,103.70.34.0/24,131
20210125,0800,AS133234,103.70.34.0/24,131
20210125,1400,AS133234,103.70.34.0/24,132
20210125,2000,AS133234,103.70.34.0/24,132
20210126,0200,AS133234,103.70.34.0/24,132
20210126,0800,AS133234,103.70.34.0/24,132
20210126,1400,AS133234,103.70.34.0/24,132
20210126,2000,AS133234,103.70.34.0/24,132
20210127,0200,AS133234,103.70.34.0/24,133
20210127,0800,AS133234,103.70.34.0/24,133
20210127,1400,AS133234,103.70.34.0/24,133
20210127,2000,AS133234,103.70.34.0/24,132
20210128,0200,AS133234,103.70.34.0/24,133
20210128,0800,AS133234,103.70.34.0/24,133
20210128,1400,AS133234,103.70.34.0/24,133
20210128,2000,AS133234,103.70.34.0/24,133
20210129,0200,AS133234,103.70.34.0/24,132
20210129,0800,AS133234,103.70.34.0/24,133
20210129,1400,AS133234,103.70.34.0/24,133
20210129,2000,AS133234,103.70.34.0/24,133
20210130,0200,AS133234,103.70.34.0/24,133
20210130,0800,AS133234,103.70.34.0/24,133
20210130,1400,AS133234,103.70.34.0/24,131
20210130,2000,AS133234,103.70.34.0/24,133
0,0,0,0,0
20210101,0200,AS133234,103.70.35.0/24,133
20210101,0800,AS133234,103.70.35.0/24,133
20210101,1400,AS133234,103.70.35.0/24,133
20210101,2000,AS133234,103.70.35.0/24,133
20210102,0200,AS133234,103.70.35.0/24,133
20210102,0800,AS133234,103.70.35.0/24,133
20210102,1400,AS133234,103.70.35.0/24,133
20210102,2000,AS133234,103.70.35.0/24,133
20210103,0200,AS133234,103.70.35.0/24,133
20210103,0800,AS133234,103.70.35.0/24,133
20210103,1400,AS133234,103.70.35.0/24,133
20210103,2000,AS133234,103.70.35.0/24,133
20210104,0200,AS133234,103.70.35.0/24,133
20210104,0800,AS133234,103.70.35.0/24,133
20210104,1400,AS133234,103.70.35.0/24,133
20210104,2000,AS133234,103.70.35.0/24,133
20210105,0200,AS133234,103.70.35.0/24,133
20210105,0800,AS133234,103.70.35.0/24,133
20210105,1400,AS133234,103.70.35.0/24,133
20210105,2000,AS133234,103.70.35.0/24,133
20210106,0200,AS133234,103.70.35.0/24,133
20210106,0800,AS133234,103.70.35.0/24,133
20210106,1400,AS133234,103.70.35.0/24,133
20210106,2000,AS133234,103.70.35.0/24,133
20210107,0200,AS133234,103.70.35.0/24,133
20210107,0800,AS133234,103.70.35.0/24,133
20210107,1400,AS133234,103.70.35.0/24,133
20210107,2000,AS133234,103.70.35.0/24,133
20210108,0200,AS133234,103.70.35.0/24,132
20210108,0800,AS133234,103.70.35.0/24,132
20210108,1400,AS133234,103.70.35.0/24,132
20210108,2000,AS133234,103.70.35.0/24,132
20210109,0200,AS133234,103.70.35.0/24,132
20210109,0800,AS133234,103.70.35.0/24,132
20210109,1400,AS133234,103.70.35.0/24,132
20210109,2000,AS133234,103.70.35.0/24,132
20210110,0200,AS133234,103.70.35.0/24,132
20210110,0800,AS133234,103.70.35.0/24,132
20210110,1400,AS133234,103.70.35.0/24,132
20210110,2000,AS133234,103.70.35.0/24,132
20210111,0200,AS133234,103.70.35.0/24,132
20210111,0800,AS133234,103.70.35.0/24,132
20210111,1400,AS133234,103.70.35.0/24,132
20210111,2000,AS133234,103.70.35.0/24,133
20210112,0200,AS133234,103.70.35.0/24,133
20210112,0800,AS133234,103.70.35.0/24,133
20210112,1400,AS133234,103.70.35.0/24,133
20210112,2000,AS133234,103.70.35.0/24,133
20210113,0200,AS133234,103.70.35.0/24,133
20210113,0800,AS133234,103.70.35.0/24,133
20210113,1400,AS133234,103.70.35.0/24,133
20210113,2000,AS133234,103.70.35.0/24,133
20210114,0200,AS133234,103.70.35.0/24,133
20210114,0800,AS133234,103.70.35.0/24,133
20210114,1400,AS133234,103.70.35.0/24,133
20210114,2000,AS133234,103.70.35.0/24,133
20210115,0200,AS133234,103.70.35.0/24,133
20210115,0800,AS133234,103.70.35.0/24,133
20210115,1400,AS133234,103.70.35.0/24,133
20210115,2000,AS133234,103.70.35.0/24,133
20210116,0200,AS133234,103.70.35.0/24,133
20210116,0800,AS133234,103.70.35.0/24,133
20210116,1400,AS133234,103.70.35.0/24,133
20210116,2000,AS133234,103.70.35.0/24,133
20210117,0200,AS133234,103.70.35.0/24,133
20210117,0800,AS133234,103.70.35.0/24,133
20210117,1400,AS133234,103.70.35.0/24,133
20210117,2000,AS133234,103.70.35.0/24,133
20210118,0200,AS133234,103.70.35.0/24,133
20210118,0800,AS133234,103.70.35.0/24,132
20210118,1400,AS133234,103.70.35.0/24,132
20210118,2000,AS133234,103.70.35.0/24,133
20210119,0200,AS133234,103.70.35.0/24,133
20210119,0800,AS133234,103.70.35.0/24,133
20210119,1400,AS133234,103.70.35.0/24,132
20210119,2000,AS133234,103.70.35.0/24,133
20210120,0200,AS133234,103.70.35.0/24,133
20210120,0800,AS133234,103.70.35.0/24,133
20210120,1400,AS133234,103.70.35.0/24,133
20210120,2000,AS133234,103.70.35.0/24,133
20210121,0200,AS133234,103.70.35.0/24,133
20210121,0800,AS133234,103.70.35.0/24,133
20210121,1400,AS133234,103.70.35.0/24,132
20210121,2000,AS133234,103.70.35.0/24,133
20210122,0200,AS133234,103.70.35.0/24,133
20210122,0800,AS133234,103.70.35.0/24,133
20210122,1400,AS133234,103.70.35.0/24,133
20210122,2000,AS133234,103.70.35.0/24,132
20210123,0200,AS133234,103.70.35.0/24,132
20210123,0800,AS133234,103.70.35.0/24,132
20210123,1400,AS133234,103.70.35.0/24,132
20210123,2000,AS133234,103.70.35.0/24,132
20210124,0200,AS133234,103.70.35.0/24,132
20210124,0800,AS133234,103.70.35.0/24,131
20210124,1400,AS133234,103.70.35.0/24,131
20210124,2000,AS133234,103.70.35.0/24,131
20210125,0200,AS133234,103.70.35.0/24,131
20210125,0800,AS133234,103.70.35.0/24,131
20210125,1400,AS133234,103.70.35.0/24,132
20210125,2000,AS133234,103.70.35.0/24,132
20210126,0200,AS133234,103.70.35.0/24,132
20210126,0800,AS133234,103.70.35.0/24,132
20210126,1400,AS133234,103.70.35.0/24,132
20210126,2000,AS133234,103.70.35.0/24,132
20210127,0200,AS133234,103.70.35.0/24,133
20210127,0800,AS133234,103.70.35.0/24,133
20210127,1400,AS133234,103.70.35.0/24,133
20210127,2000,AS133234,103.70.35.0/24,132
20210128,0200,AS133234,103.70.35.0/24,133
20210128,0800,AS133234,103.70.35.0/24,133
20210128,1400,AS133234,103.70.35.0/24,133
20210128,2000,AS133234,103.70.35.0/24,133
20210129,0200,AS133234,103.70.35.0/24,132
20210129,0800,AS133234,103.70.35.0/24,133
20210129,1400,AS133234,103.70.35.0/24,133
20210129,2000,AS133234,103.70.35.0/24,133
20210130,0200,AS133234,103.70.35.0/24,133
20210130,0800,AS133234,103.70.35.0/24,133
20210130,1400,AS133234,103.70.35.0/24,131
20210130,2000,AS133234,103.70.35.0/24,133
0,0,0,0,0
20210101,0200,AS133234,103.91.220.0/24,140
20210101,0800,AS133234,103.91.220.0/24,140
20210101,1400,AS133234,103.91.220.0/24,140
20210101,2000,AS133234,103.91.220.0/24,140
20210102,0200,AS133234,103.91.220.0/24,140
20210102,0800,AS133234,103.91.220.0/24,140
20210102,1400,AS133234,103.91.220.0/24,140
20210102,2000,AS133234,103.91.220.0/24,140
20210103,0200,AS133234,103.91.220.0/24,140
20210103,0800,AS133234,103.91.220.0/24,140
20210103,1400,AS133234,103.91.220.0/24,140
20210103,2000,AS133234,103.91.220.0/24,140
20210104,0200,AS133234,103.91.220.0/24,140
20210104,0800,AS133234,103.91.220.0/24,140
20210104,1400,AS133234,103.91.220.0/24,140
20210104,2000,AS133234,103.91.220.0/24,140
20210105,0200,AS133234,103.91.220.0/24,140
20210105,0800,AS133234,103.91.220.0/24,143
20210105,1400,AS133234,103.91.220.0/24,143
20210105,2000,AS133234,103.91.220.0/24,140
20210106,0200,AS133234,103.91.220.0/24,140
20210106,0800,AS133234,103.91.220.0/24,140
20210106,1400,AS133234,103.91.220.0/24,140
20210106,2000,AS133234,103.91.220.0/24,140
20210107,0200,AS133234,103.91.220.0/24,140
20210107,0800,AS133234,103.91.220.0/24,140
20210107,1400,AS133234,103.91.220.0/24,140
20210107,2000,AS133234,103.91.220.0/24,140
20210108,0200,AS133234,103.91.220.0/24,139
20210108,0800,AS133234,103.91.220.0/24,142
20210108,1400,AS133234,103.91.220.0/24,139
20210108,2000,AS133234,103.91.220.0/24,142
20210109,0200,AS133234,103.91.220.0/24,139
20210109,0800,AS133234,103.91.220.0/24,139
20210109,1400,AS133234,103.91.220.0/24,139
20210109,2000,AS133234,103.91.220.0/24,139
20210110,0200,AS133234,103.91.220.0/24,139
20210110,0800,AS133234,103.91.220.0/24,142
20210110,1400,AS133234,103.91.220.0/24,139
20210110,2000,AS133234,103.91.220.0/24,139
20210111,0200,AS133234,103.91.220.0/24,139
20210111,0800,AS133234,103.91.220.0/24,138
20210111,1400,AS133234,103.91.220.0/24,139
20210111,2000,AS133234,103.91.220.0/24,139
20210112,0200,AS133234,103.91.220.0/24,139
20210112,0800,AS133234,103.91.220.0/24,143
20210112,1400,AS133234,103.91.220.0/24,140
20210112,2000,AS133234,103.91.220.0/24,140
20210113,0200,AS133234,103.91.220.0/24,140
20210113,0800,AS133234,103.91.220.0/24,140
20210113,1400,AS133234,103.91.220.0/24,133
20210113,2000,AS133234,103.91.220.0/24,140
20210114,0200,AS133234,103.91.220.0/24,140
20210114,0800,AS133234,103.91.220.0/24,140
20210114,1400,AS133234,103.91.220.0/24,140
20210114,2000,AS133234,103.91.220.0/24,140
20210115,0200,AS133234,103.91.220.0/24,140
20210115,0800,AS133234,103.91.220.0/24,140
20210115,1400,AS133234,103.91.220.0/24,140
20210115,2000,AS133234,103.91.220.0/24,140
20210116,0200,AS133234,103.91.220.0/24,140
20210116,0800,AS133234,103.91.220.0/24,143
20210116,1400,AS133234,103.91.220.0/24,139
20210116,2000,AS133234,103.91.220.0/24,139
20210117,0200,AS133234,103.91.220.0/24,139
20210117,0800,AS133234,103.91.220.0/24,142
20210117,1400,AS133234,103.91.220.0/24,140
20210117,2000,AS133234,103.91.220.0/24,140
20210118,0200,AS133234,103.91.220.0/24,140
20210118,0800,AS133234,103.91.220.0/24,142
20210118,1400,AS133234,103.91.220.0/24,139
20210118,2000,AS133234,103.91.220.0/24,140
20210119,0200,AS133234,103.91.220.0/24,140
20210119,0800,AS133234,103.91.220.0/24,140
20210119,1400,AS133234,103.91.220.0/24,139
20210119,2000,AS133234,103.91.220.0/24,144
20210120,0200,AS133234,103.91.220.0/24,140
20210120,0800,AS133234,103.91.220.0/24,140
20210120,1400,AS133234,103.91.220.0/24,139
20210120,2000,AS133234,103.91.220.0/24,142
20210121,0200,AS133234,103.91.220.0/24,139
20210121,0800,AS133234,103.91.220.0/24,139
20210121,1400,AS133234,103.91.220.0/24,138
20210121,2000,AS133234,103.91.220.0/24,143
20210122,0200,AS133234,103.91.220.0/24,143
20210122,0800,AS133234,103.91.220.0/24,142
20210122,1400,AS133234,103.91.220.0/24,80
20210122,2000,AS133234,103.91.220.0/24,79
20210123,0200,AS133234,103.91.220.0/24,79
20210123,0800,AS133234,103.91.220.0/24,142
20210123,1400,AS133234,103.91.220.0/24,139
20210123,2000,AS133234,103.91.220.0/24,142
20210124,0200,AS133234,103.91.220.0/24,139
20210124,0800,AS133234,103.91.220.0/24,141
20210124,1400,AS133234,103.91.220.0/24,138
20210124,2000,AS133234,103.91.220.0/24,138
20210125,0200,AS133234,103.91.220.0/24,138
20210125,0800,AS133234,103.91.220.0/24,138
20210125,1400,AS133234,103.91.220.0/24,139
20210125,2000,AS133234,103.91.220.0/24,139
20210126,0200,AS133234,103.91.220.0/24,138
20210126,0800,AS133234,103.91.220.0/24,138
20210126,1400,AS133234,103.91.220.0/24,138
20210126,2000,AS133234,103.91.220.0/24,141
20210127,0200,AS133234,103.91.220.0/24,141
20210127,0800,AS133234,103.91.220.0/24,142
20210127,1400,AS133234,103.91.220.0/24,142
20210127,2000,AS133234,103.91.220.0/24,141
20210128,0200,AS133234,103.91.220.0/24,142
20210128,0800,AS133234,103.91.220.0/24,142
20210128,1400,AS133234,103.91.220.0/24,142
20210128,2000,AS133234,103.91.220.0/24,140
20210129,0200,AS133234,103.91.220.0/24,142
20210129,0800,AS133234,103.91.220.0/24,142
20210129,1400,AS133234,103.91.220.0/24,142
20210129,2000,AS133234,103.91.220.0/24,142
20210130,0200,AS133234,103.91.220.0/24,142
20210130,0800,AS133234,103.91.220.0/24,142
20210130,1400,AS133234,103.91.220.0/24,141
20210130,2000,AS133234,103.91.220.0/24,142
0,0,0,0,0
20210101,0200,AS133234,103.231.4.0/24,147
20210101,0800,AS133234,103.231.4.0/24,147
20210101,1400,AS133234,103.231.4.0/24,147
20210101,2000,AS133234,103.231.4.0/24,147
20210102,0200,AS133234,103.231.4.0/24,147
20210102,0800,AS133234,103.231.4.0/24,147
20210102,1400,AS133234,103.231.4.0/24,147
20210102,2000,AS133234,103.231.4.0/24,147
20210103,0200,AS133234,103.231.4.0/24,147
20210103,0800,AS133234,103.231.4.0/24,147
20210103,1400,AS133234,103.231.4.0/24,147
20210103,2000,AS133234,103.231.4.0/24,147
20210104,0200,AS133234,103.231.4.0/24,147
20210104,0800,AS133234,103.231.4.0/24,147
20210104,1400,AS133234,103.231.4.0/24,147
20210104,2000,AS133234,103.231.4.0/24,147
20210105,0200,AS133234,103.231.4.0/24,147
20210105,0800,AS133234,103.231.4.0/24,147
20210105,1400,AS133234,103.231.4.0/24,147
20210105,2000,AS133234,103.231.4.0/24,147
20210106,0200,AS133234,103.231.4.0/24,147
20210106,0800,AS133234,103.231.4.0/24,147
20210106,1400,AS133234,103.231.4.0/24,147
20210106,2000,AS133234,103.231.4.0/24,147
20210107,0200,AS133234,103.231.4.0/24,147
20210107,0800,AS133234,103.231.4.0/24,147
20210107,1400,AS133234,103.231.4.0/24,147
20210107,2000,AS133234,103.231.4.0/24,147
20210108,0200,AS133234,103.231.4.0/24,146
20210108,0800,AS133234,103.231.4.0/24,146
20210108,1400,AS133234,103.231.4.0/24,146
20210108,2000,AS133234,103.231.4.0/24,146
20210109,0200,AS133234,103.231.4.0/24,146
20210109,0800,AS133234,103.231.4.0/24,146
20210109,1400,AS133234,103.231.4.0/24,146
20210109,2000,AS133234,103.231.4.0/24,146
20210110,0200,AS133234,103.231.4.0/24,146
20210110,0800,AS133234,103.231.4.0/24,146
20210110,1400,AS133234,103.231.4.0/24,146
20210110,2000,AS133234,103.231.4.0/24,146
20210111,0200,AS133234,103.231.4.0/24,146
20210111,0800,AS133234,103.231.4.0/24,145
20210111,1400,AS133234,103.231.4.0/24,146
20210111,2000,AS133234,103.231.4.0/24,146
20210112,0200,AS133234,103.231.4.0/24,146
20210112,0800,AS133234,103.231.4.0/24,146
20210112,1400,AS133234,103.231.4.0/24,146
20210112,2000,AS133234,103.231.4.0/24,146
20210113,0200,AS133234,103.231.4.0/24,146
20210113,0800,AS133234,103.231.4.0/24,146
20210113,1400,AS133234,103.231.4.0/24,132
20210113,2000,AS133234,103.231.4.0/24,146
20210114,0200,AS133234,103.231.4.0/24,146
20210114,0800,AS133234,103.231.4.0/24,146
20210114,1400,AS133234,103.231.4.0/24,146
20210114,2000,AS133234,103.231.4.0/24,146
20210115,0200,AS133234,103.231.4.0/24,146
20210115,0800,AS133234,103.231.4.0/24,146
20210115,1400,AS133234,103.231.4.0/24,146
20210115,2000,AS133234,103.231.4.0/24,146
20210116,0200,AS133234,103.231.4.0/24,146
20210116,0800,AS133234,103.231.4.0/24,146
20210116,1400,AS133234,103.231.4.0/24,146
20210116,2000,AS133234,103.231.4.0/24,146
20210117,0200,AS133234,103.231.4.0/24,146
20210117,0800,AS133234,103.231.4.0/24,146
20210117,1400,AS133234,103.231.4.0/24,146
20210117,2000,AS133234,103.231.4.0/24,146
20210118,0200,AS133234,103.231.4.0/24,146
20210118,0800,AS133234,103.231.4.0/24,145
20210118,1400,AS133234,103.231.4.0/24,145
20210118,2000,AS133234,103.231.4.0/24,146
20210119,0200,AS133234,103.231.4.0/24,146
20210119,0800,AS133234,103.231.4.0/24,146
20210119,1400,AS133234,103.231.4.0/24,145
20210119,2000,AS133234,103.231.4.0/24,146
20210120,0200,AS133234,103.231.4.0/24,145
20210120,0800,AS133234,103.231.4.0/24,146
20210120,1400,AS133234,103.231.4.0/24,145
20210120,2000,AS133234,103.231.4.0/24,145
20210121,0200,AS133234,103.231.4.0/24,145
20210121,0800,AS133234,103.231.4.0/24,145
20210121,1400,AS133234,103.231.4.0/24,144
20210121,2000,AS133234,103.231.4.0/24,145
20210122,0200,AS133234,103.231.4.0/24,145
20210122,0800,AS133234,103.231.4.0/24,145
20210122,1400,AS133234,103.231.4.0/24,145
20210122,2000,AS133234,103.231.4.0/24,144
20210123,0200,AS133234,103.231.4.0/24,144
20210123,0800,AS133234,103.231.4.0/24,146
20210123,1400,AS133234,103.231.4.0/24,132
20210123,2000,AS133234,103.231.4.0/24,132
20210124,0200,AS133234,103.231.4.0/24,132
20210124,0800,AS133234,103.231.4.0/24,131
20210124,1400,AS133234,103.231.4.0/24,131
20210124,2000,AS133234,103.231.4.0/24,131
20210125,0200,AS133234,103.231.4.0/24,131
20210125,0800,AS133234,103.231.4.0/24,131
20210125,1400,AS133234,103.231.4.0/24,132
20210125,2000,AS133234,103.231.4.0/24,132
20210126,0200,AS133234,103.231.4.0/24,132
20210126,0800,AS133234,103.231.4.0/24,132
20210126,1400,AS133234,103.231.4.0/24,132
20210126,2000,AS133234,103.231.4.0/24,132
20210127,0200,AS133234,103.231.4.0/24,133
20210127,0800,AS133234,103.231.4.0/24,133
20210127,1400,AS133234,103.231.4.0/24,133
20210127,2000,AS133234,103.231.4.0/24,132
20210128,0200,AS133234,103.231.4.0/24,133
20210128,0800,AS133234,103.231.4.0/24,133
20210128,1400,AS133234,103.231.4.0/24,133
20210128,2000,AS133234,103.231.4.0/24,133
20210129,0200,AS133234,103.231.4.0/24,132
20210129,0800,AS133234,103.231.4.0/24,133
20210129,1400,AS133234,103.231.4.0/24,133
20210129,2000,AS133234,103.231.4.0/24,133
20210130,0200,AS133234,103.231.4.0/24,133
20210130,0800,AS133234,103.231.4.0/24,133
20210130,1400,AS133234,103.231.4.0/24,131
20210130,2000,AS133234,103.231.4.0/24,133
0,0,0,0,0
20210101,0200,AS133234,103.231.5.0/24,134
20210101,0800,AS133234,103.231.5.0/24,134
20210101,1400,AS133234,103.231.5.0/24,134
20210101,2000,AS133234,103.231.5.0/24,134
20210102,0200,AS133234,103.231.5.0/24,134
20210102,0800,AS133234,103.231.5.0/24,134
20210102,1400,AS133234,103.231.5.0/24,134
20210102,2000,AS133234,103.231.5.0/24,134
20210103,0200,AS133234,103.231.5.0/24,134
20210103,0800,AS133234,103.231.5.0/24,134
20210103,1400,AS133234,103.231.5.0/24,134
20210103,2000,AS133234,103.231.5.0/24,134
20210104,0200,AS133234,103.231.5.0/24,134
20210104,0800,AS133234,103.231.5.0/24,134
20210104,1400,AS133234,103.231.5.0/24,134
20210104,2000,AS133234,103.231.5.0/24,134
20210105,0200,AS133234,103.231.5.0/24,134
20210105,0800,AS133234,103.231.5.0/24,134
20210105,1400,AS133234,103.231.5.0/24,134
20210105,2000,AS133234,103.231.5.0/24,134
20210106,0200,AS133234,103.231.5.0/24,134
20210106,0800,AS133234,103.231.5.0/24,134
20210106,1400,AS133234,103.231.5.0/24,134
20210106,2000,AS133234,103.231.5.0/24,134
20210107,0200,AS133234,103.231.5.0/24,134
20210107,0800,AS133234,103.231.5.0/24,134
20210107,1400,AS133234,103.231.5.0/24,134
20210107,2000,AS133234,103.231.5.0/24,134
20210108,0200,AS133234,103.231.5.0/24,133
20210108,0800,AS133234,103.231.5.0/24,133
20210108,1400,AS133234,103.231.5.0/24,133
20210108,2000,AS133234,103.231.5.0/24,133
20210109,0200,AS133234,103.231.5.0/24,133
20210109,0800,AS133234,103.231.5.0/24,133
20210109,1400,AS133234,103.231.5.0/24,133
20210109,2000,AS133234,103.231.5.0/24,133
20210110,0200,AS133234,103.231.5.0/24,133
20210110,0800,AS133234,103.231.5.0/24,133
20210110,1400,AS133234,103.231.5.0/24,133
20210110,2000,AS133234,103.231.5.0/24,133
20210111,0200,AS133234,103.231.5.0/24,133
20210111,0800,AS133234,103.231.5.0/24,133
20210111,1400,AS133234,103.231.5.0/24,133
20210111,2000,AS133234,103.231.5.0/24,134
20210112,0200,AS133234,103.231.5.0/24,134
20210112,0800,AS133234,103.231.5.0/24,134
20210112,1400,AS133234,103.231.5.0/24,134
20210112,2000,AS133234,103.231.5.0/24,134
20210113,0200,AS133234,103.231.5.0/24,134
20210113,0800,AS133234,103.231.5.0/24,134
20210113,1400,AS133234,103.231.5.0/24,134
20210113,2000,AS133234,103.231.5.0/24,134
20210114,0200,AS133234,103.231.5.0/24,134
20210114,0800,AS133234,103.231.5.0/24,134
20210114,1400,AS133234,103.231.5.0/24,134
20210114,2000,AS133234,103.231.5.0/24,134
20210115,0200,AS133234,103.231.5.0/24,134
20210115,0800,AS133234,103.231.5.0/24,134
20210115,1400,AS133234,103.231.5.0/24,134
20210115,2000,AS133234,103.231.5.0/24,134
20210116,0200,AS133234,103.231.5.0/24,134
20210116,0800,AS133234,103.231.5.0/24,134
20210116,1400,AS133234,103.231.5.0/24,134
20210116,2000,AS133234,103.231.5.0/24,134
20210117,0200,AS133234,103.231.5.0/24,134
20210117,0800,AS133234,103.231.5.0/24,134
20210117,1400,AS133234,103.231.5.0/24,134
20210117,2000,AS133234,103.231.5.0/24,134
20210118,0200,AS133234,103.231.5.0/24,134
20210118,0800,AS133234,103.231.5.0/24,133
20210118,1400,AS133234,103.231.5.0/24,133
20210118,2000,AS133234,103.231.5.0/24,134
20210119,0200,AS133234,103.231.5.0/24,134
20210119,0800,AS133234,103.231.5.0/24,134
20210119,1400,AS133234,103.231.5.0/24,133
20210119,2000,AS133234,103.231.5.0/24,134
20210120,0200,AS133234,103.231.5.0/24,133
20210120,0800,AS133234,103.231.5.0/24,134
20210120,1400,AS133234,103.231.5.0/24,134
20210120,2000,AS133234,103.231.5.0/24,134
20210121,0200,AS133234,103.231.5.0/24,134
20210121,0800,AS133234,103.231.5.0/24,134
20210121,1400,AS133234,103.231.5.0/24,133
20210121,2000,AS133234,103.231.5.0/24,134
20210122,0200,AS133234,103.231.5.0/24,133
20210122,0800,AS133234,103.231.5.0/24,133
20210122,1400,AS133234,103.231.5.0/24,134
20210122,2000,AS133234,103.231.5.0/24,133
20210123,0200,AS133234,103.231.5.0/24,133
20210123,0800,AS133234,103.231.5.0/24,133
20210123,1400,AS133234,103.231.5.0/24,133
20210123,2000,AS133234,103.231.5.0/24,133
20210124,0200,AS133234,103.231.5.0/24,133
20210124,0800,AS133234,103.231.5.0/24,132
20210124,1400,AS133234,103.231.5.0/24,132
20210124,2000,AS133234,103.231.5.0/24,132
20210125,0200,AS133234,103.231.5.0/24,132
20210125,0800,AS133234,103.231.5.0/24,132
20210125,1400,AS133234,103.231.5.0/24,133
20210125,2000,AS133234,103.231.5.0/24,133
20210126,0200,AS133234,103.231.5.0/24,133
20210126,0800,AS133234,103.231.5.0/24,133
20210126,1400,AS133234,103.231.5.0/24,133
20210126,2000,AS133234,103.231.5.0/24,133
20210127,0200,AS133234,103.231.5.0/24,134
20210127,0800,AS133234,103.231.5.0/24,134
20210127,1400,AS133234,103.231.5.0/24,134
20210127,2000,AS133234,103.231.5.0/24,133
20210128,0200,AS133234,103.231.5.0/24,134
20210128,0800,AS133234,103.231.5.0/24,134
20210128,1400,AS133234,103.231.5.0/24,134
20210128,2000,AS133234,103.231.5.0/24,134
20210129,0200,AS133234,103.231.5.0/24,133
20210129,0800,AS133234,103.231.5.0/24,134
20210129,1400,AS133234,103.231.5.0/24,134
20210129,2000,AS133234,103.231.5.0/24,134
20210130,0200,AS133234,103.231.5.0/24,134
20210130,0800,AS133234,103.231.5.0/24,134
20210130,1400,AS133234,103.231.5.0/24,134
20210130,2000,AS133234,103.231.5.0/24,134
0,0,0,0,0
20210101,0200,AS133234,103.231.6.0/24,133
20210101,0800,AS133234,103.231.6.0/24,133
20210101,1400,AS133234,103.231.6.0/24,133
20210101,2000,AS133234,103.231.6.0/24,133
20210102,0200,AS133234,103.231.6.0/24,133
20210102,0800,AS133234,103.231.6.0/24,133
20210102,1400,AS133234,103.231.6.0/24,133
20210102,2000,AS133234,103.231.6.0/24,133
20210103,0200,AS133234,103.231.6.0/24,133
20210103,0800,AS133234,103.231.6.0/24,133
20210103,1400,AS133234,103.231.6.0/24,133
20210103,2000,AS133234,103.231.6.0/24,133
20210104,0200,AS133234,103.231.6.0/24,133
20210104,0800,AS133234,103.231.6.0/24,133
20210104,1400,AS133234,103.231.6.0/24,133
20210104,2000,AS133234,103.231.6.0/24,133
20210105,0200,AS133234,103.231.6.0/24,133
20210105,0800,AS133234,103.231.6.0/24,133
20210105,1400,AS133234,103.231.6.0/24,133
20210105,2000,AS133234,103.231.6.0/24,133
20210106,0200,AS133234,103.231.6.0/24,133
20210106,0800,AS133234,103.231.6.0/24,133
20210106,1400,AS133234,103.231.6.0/24,133
20210106,2000,AS133234,103.231.6.0/24,133
20210107,0200,AS133234,103.231.6.0/24,133
20210107,0800,AS133234,103.231.6.0/24,133
20210107,1400,AS133234,103.231.6.0/24,133
20210107,2000,AS133234,103.231.6.0/24,133
20210108,0200,AS133234,103.231.6.0/24,132
20210108,0800,AS133234,103.231.6.0/24,132
20210108,1400,AS133234,103.231.6.0/24,132
20210108,2000,AS133234,103.231.6.0/24,132
20210109,0200,AS133234,103.231.6.0/24,132
20210109,0800,AS133234,103.231.6.0/24,132
20210109,1400,AS133234,103.231.6.0/24,132
20210109,2000,AS133234,103.231.6.0/24,132
20210110,0200,AS133234,103.231.6.0/24,132
20210110,0800,AS133234,103.231.6.0/24,132
20210110,1400,AS133234,103.231.6.0/24,132
20210110,2000,AS133234,103.231.6.0/24,132
20210111,0200,AS133234,103.231.6.0/24,132
20210111,0800,AS133234,103.231.6.0/24,132
20210111,1400,AS133234,103.231.6.0/24,132
20210111,2000,AS133234,103.231.6.0/24,133
20210112,0200,AS133234,103.231.6.0/24,133
20210112,0800,AS133234,103.231.6.0/24,133
20210112,1400,AS133234,103.231.6.0/24,133
20210112,2000,AS133234,103.231.6.0/24,133
20210113,0200,AS133234,103.231.6.0/24,133
20210113,0800,AS133234,103.231.6.0/24,133
20210113,1400,AS133234,103.231.6.0/24,133
20210113,2000,AS133234,103.231.6.0/24,133
20210114,0200,AS133234,103.231.6.0/24,133
20210114,0800,AS133234,103.231.6.0/24,133
20210114,1400,AS133234,103.231.6.0/24,133
20210114,2000,AS133234,103.231.6.0/24,133
20210115,0200,AS133234,103.231.6.0/24,133
20210115,0800,AS133234,103.231.6.0/24,133
20210115,1400,AS133234,103.231.6.0/24,133
20210115,2000,AS133234,103.231.6.0/24,133
20210116,0200,AS133234,103.231.6.0/24,133
20210116,0800,AS133234,103.231.6.0/24,133
20210116,1400,AS133234,103.231.6.0/24,133
20210116,2000,AS133234,103.231.6.0/24,133
20210117,0200,AS133234,103.231.6.0/24,133
20210117,0800,AS133234,103.231.6.0/24,133
20210117,1400,AS133234,103.231.6.0/24,133
20210117,2000,AS133234,103.231.6.0/24,133
20210118,0200,AS133234,103.231.6.0/24,133
20210118,0800,AS133234,103.231.6.0/24,132
20210118,1400,AS133234,103.231.6.0/24,132
20210118,2000,AS133234,103.231.6.0/24,133
20210119,0200,AS133234,103.231.6.0/24,133
20210119,0800,AS133234,103.231.6.0/24,133
20210119,1400,AS133234,103.231.6.0/24,132
20210119,2000,AS133234,103.231.6.0/24,133
20210120,0200,AS133234,103.231.6.0/24,133
20210120,0800,AS133234,103.231.6.0/24,133
20210120,1400,AS133234,103.231.6.0/24,133
20210120,2000,AS133234,103.231.6.0/24,133
20210121,0200,AS133234,103.231.6.0/24,133
20210121,0800,AS133234,103.231.6.0/24,133
20210121,1400,AS133234,103.231.6.0/24,132
20210121,2000,AS133234,103.231.6.0/24,133
20210122,0200,AS133234,103.231.6.0/24,133
20210122,0800,AS133234,103.231.6.0/24,133
20210122,1400,AS133234,103.231.6.0/24,133
20210122,2000,AS133234,103.231.6.0/24,132
20210123,0200,AS133234,103.231.6.0/24,132
20210123,0800,AS133234,103.231.6.0/24,132
20210123,1400,AS133234,103.231.6.0/24,132
20210123,2000,AS133234,103.231.6.0/24,132
20210124,0200,AS133234,103.231.6.0/24,132
20210124,0800,AS133234,103.231.6.0/24,131
20210124,1400,AS133234,103.231.6.0/24,131
20210124,2000,AS133234,103.231.6.0/24,131
20210125,0200,AS133234,103.231.6.0/24,131
20210125,0800,AS133234,103.231.6.0/24,131
20210125,1400,AS133234,103.231.6.0/24,132
20210125,2000,AS133234,103.231.6.0/24,132
20210126,0200,AS133234,103.231.6.0/24,132
20210126,0800,AS133234,103.231.6.0/24,132
20210126,1400,AS133234,103.231.6.0/24,132
20210126,2000,AS133234,103.231.6.0/24,132
20210127,0200,AS133234,103.231.6.0/24,133
20210127,0800,AS133234,103.231.6.0/24,133
20210127,1400,AS133234,103.231.6.0/24,133
20210127,2000,AS133234,103.231.6.0/24,132
20210128,0200,AS133234,103.231.6.0/24,133
20210128,0800,AS133234,103.231.6.0/24,133
20210128,1400,AS133234,103.231.6.0/24,133
20210128,2000,AS133234,103.231.6.0/24,133
20210129,0200,AS133234,103.231.6.0/24,132
20210129,0800,AS133234,103.231.6.0/24,133
20210129,1400,AS133234,103.231.6.0/24,133
20210129,2000,AS133234,103.231.6.0/24,133
20210130,0200,AS133234,103.231.6.0/24,133
20210130,0800,AS133234,103.231.6.0/24,133
20210130,1400,AS133234,103.231.6.0/24,133
20210130,2000,AS133234,103.231.6.0/24,133
0,0,0,0,0
20210101,0200,AS133234,103.231.7.0/24,133
20210101,0800,AS133234,103.231.7.0/24,133
20210101,1400,AS133234,103.231.7.0/24,133
20210101,2000,AS133234,103.231.7.0/24,133
20210102,0200,AS133234,103.231.7.0/24,133
20210102,0800,AS133234,103.231.7.0/24,133
20210102,1400,AS133234,103.231.7.0/24,133
20210102,2000,AS133234,103.231.7.0/24,133
20210103,0200,AS133234,103.231.7.0/24,133
20210103,0800,AS133234,103.231.7.0/24,133
20210103,1400,AS133234,103.231.7.0/24,133
20210103,2000,AS133234,103.231.7.0/24,133
20210104,0200,AS133234,103.231.7.0/24,133
20210104,0800,AS133234,103.231.7.0/24,133
20210104,1400,AS133234,103.231.7.0/24,133
20210104,2000,AS133234,103.231.7.0/24,133
20210105,0200,AS133234,103.231.7.0/24,133
20210105,0800,AS133234,103.231.7.0/24,133
20210105,1400,AS133234,103.231.7.0/24,133
20210105,2000,AS133234,103.231.7.0/24,133
20210106,0200,AS133234,103.231.7.0/24,133
20210106,0800,AS133234,103.231.7.0/24,133
20210106,1400,AS133234,103.231.7.0/24,133
20210106,2000,AS133234,103.231.7.0/24,133
20210107,0200,AS133234,103.231.7.0/24,133
20210107,0800,AS133234,103.231.7.0/24,133
20210107,1400,AS133234,103.231.7.0/24,133
20210107,2000,AS133234,103.231.7.0/24,133
20210108,0200,AS133234,103.231.7.0/24,132
20210108,0800,AS133234,103.231.7.0/24,132
20210108,1400,AS133234,103.231.7.0/24,132
20210108,2000,AS133234,103.231.7.0/24,132
20210109,0200,AS133234,103.231.7.0/24,132
20210109,0800,AS133234,103.231.7.0/24,132
20210109,1400,AS133234,103.231.7.0/24,132
20210109,2000,AS133234,103.231.7.0/24,132
20210110,0200,AS133234,103.231.7.0/24,132
20210110,0800,AS133234,103.231.7.0/24,132
20210110,1400,AS133234,103.231.7.0/24,132
20210110,2000,AS133234,103.231.7.0/24,132
20210111,0200,AS133234,103.231.7.0/24,132
20210111,0800,AS133234,103.231.7.0/24,132
20210111,1400,AS133234,103.231.7.0/24,132
20210111,2000,AS133234,103.231.7.0/24,133
20210112,0200,AS133234,103.231.7.0/24,133
20210112,0800,AS133234,103.231.7.0/24,133
20210112,1400,AS133234,103.231.7.0/24,133
20210112,2000,AS133234,103.231.7.0/24,133
20210113,0200,AS133234,103.231.7.0/24,133
20210113,0800,AS133234,103.231.7.0/24,133
20210113,1400,AS133234,103.231.7.0/24,133
20210113,2000,AS133234,103.231.7.0/24,133
20210114,0200,AS133234,103.231.7.0/24,133
20210114,0800,AS133234,103.231.7.0/24,133
20210114,1400,AS133234,103.231.7.0/24,133
20210114,2000,AS133234,103.231.7.0/24,133
20210115,0200,AS133234,103.231.7.0/24,133
20210115,0800,AS133234,103.231.7.0/24,133
20210115,1400,AS133234,103.231.7.0/24,133
20210115,2000,AS133234,103.231.7.0/24,133
20210116,0200,AS133234,103.231.7.0/24,133
20210116,0800,AS133234,103.231.7.0/24,133
20210116,1400,AS133234,103.231.7.0/24,133
20210116,2000,AS133234,103.231.7.0/24,133
20210117,0200,AS133234,103.231.7.0/24,133
20210117,0800,AS133234,103.231.7.0/24,133
20210117,1400,AS133234,103.231.7.0/24,133
20210117,2000,AS133234,103.231.7.0/24,133
20210118,0200,AS133234,103.231.7.0/24,133
20210118,0800,AS133234,103.231.7.0/24,132
20210118,1400,AS133234,103.231.7.0/24,132
20210118,2000,AS133234,103.231.7.0/24,133
20210119,0200,AS133234,103.231.7.0/24,133
20210119,0800,AS133234,103.231.7.0/24,133
20210119,1400,AS133234,103.231.7.0/24,132
20210119,2000,AS133234,103.231.7.0/24,133
20210120,0200,AS133234,103.231.7.0/24,133
20210120,0800,AS133234,103.231.7.0/24,133
20210120,1400,AS133234,103.231.7.0/24,133
20210120,2000,AS133234,103.231.7.0/24,133
20210121,0200,AS133234,103.231.7.0/24,133
20210121,0800,AS133234,103.231.7.0/24,133
20210121,1400,AS133234,103.231.7.0/24,132
20210121,2000,AS133234,103.231.7.0/24,133
20210122,0200,AS133234,103.231.7.0/24,133
20210122,0800,AS133234,103.231.7.0/24,133
20210122,1400,AS133234,103.231.7.0/24,133
20210122,2000,AS133234,103.231.7.0/24,132
20210123,0200,AS133234,103.231.7.0/24,132
20210123,0800,AS133234,103.231.7.0/24,132
20210123,1400,AS133234,103.231.7.0/24,132
20210123,2000,AS133234,103.231.7.0/24,132
20210124,0200,AS133234,103.231.7.0/24,132
20210124,0800,AS133234,103.231.7.0/24,131
20210124,1400,AS133234,103.231.7.0/24,131
20210124,2000,AS133234,103.231.7.0/24,131
20210125,0200,AS133234,103.231.7.0/24,131
20210125,0800,AS133234,103.231.7.0/24,131
20210125,1400,AS133234,103.231.7.0/24,132
20210125,2000,AS133234,103.231.7.0/24,132
20210126,0200,AS133234,103.231.7.0/24,132
20210126,0800,AS133234,103.231.7.0/24,132
20210126,1400,AS133234,103.231.7.0/24,132
20210126,2000,AS133234,103.231.7.0/24,132
20210127,0200,AS133234,103.231.7.0/24,133
20210127,0800,AS133234,103.231.7.0/24,133
20210127,1400,AS133234,103.231.7.0/24,133
20210127,2000,AS133234,103.231.7.0/24,132
20210128,0200,AS133234,103.231.7.0/24,133
20210128,0800,AS133234,103.231.7.0/24,133
20210128,1400,AS133234,103.231.7.0/24,133
20210128,2000,AS133234,103.231.7.0/24,133
20210129,0200,AS133234,103.231.7.0/24,132
20210129,0800,AS133234,103.231.7.0/24,133
20210129,1400,AS133234,103.231.7.0/24,133
20210129,2000,AS133234,103.231.7.0/24,133
20210130,0200,AS133234,103.231.7.0/24,133
20210130,0800,AS133234,103.231.7.0/24,133
20210130,1400,AS133234,103.231.7.0/24,131
20210130,2000,AS133234,103.231.7.0/24,133
0,0,0,0,0
